color,sourceID,size,targetID,label
#69c719,客户关联关系,1,备注,has
#69c719,客户关联关系,1,创建人,has
#69c719,客户关联关系,1,创建时间,has
#69c719,客户关联关系,1,更新人,has
#69c719,客户关联关系,1,更新时间,has
#69c719,客户关联关系,1,关联关系描述,has
#69c719,客户关联关系,1,关联客户号,has
#69c719,客户关联关系,1,关联客户类型,has
#69c719,客户关联关系,1,关联客户序号,has
#69c719,客户关联关系,1,关系编号,has
#69c719,客户关联关系,1,关系类型,has
#69c719,客户关联关系,1,记录状态,has
#69c719,客户关联关系,1,截止日期,has
#69c719,客户关联关系,1,起始日期,has
#69c719,客户关联关系,1,数据来源,has
#69c719,客户基本信息,1,成立时间,has
#69c719,客户基本信息,1,创建机构,has
#69c719,客户基本信息,1,创建人,has
#69c719,客户基本信息,1,创建时间,has
#69c719,客户基本信息,1,打印语言,has
#69c719,客户基本信息,1,地址模式,has
#69c719,客户基本信息,1,法人代表,has
#69c719,客户基本信息,1,法人证件号码,has
#69c719,客户基本信息,1,法人证件种类,has
#69c719,客户基本信息,1,废止人,has
#69c719,客户基本信息,1,废止日期,has
#69c719,客户基本信息,1,废止原因,has
#69c719,客户基本信息,1,分配标志,has
#69c719,客户基本信息,1,更新机构,has
#69c719,客户基本信息,1,更新人,has
#69c719,客户基本信息,1,更新日期,has
#69c719,客户基本信息,1,关联客户标志,has
#69c719,客户基本信息,1,行业补充分类,has
#69c719,客户基本信息,1,核心交易状态,has
#69c719,客户基本信息,1,核心客户种类,has
#69c719,客户基本信息,1,核心状态,has
#69c719,客户基本信息,1,集团客户标志,has
#69c719,客户基本信息,1,金融机构类型,has
#69c719,客户基本信息,1,进出口权标志,has
#69c719,客户基本信息,1,经济性质,has
#69c719,客户基本信息,1,境内外标志,has
#69c719,客户基本信息,1,开行行业代码,has
#69c719,客户基本信息,1,开行特色行业,has
#69c719,客户基本信息,1,开户机构,has
#69c719,客户基本信息,1,开户日期,has
#69c719,客户基本信息,1,客户等级分类,has
#69c719,客户基本信息,1,客户分类,has
#69c719,客户基本信息,1,客户简称,has
#69c719,客户基本信息,1,客户阶段,has
#69c719,客户基本信息,1,客户经理A,has
#69c719,客户基本信息,1,客户经理B,has
#69c719,客户基本信息,1,客户类别,has
#69c719,客户基本信息,1,客户明细类别,has
#69c719,客户基本信息,1,客户年度优先等级,has
#69c719,客户基本信息,1,客户全称,has
#69c719,客户基本信息,1,客户首合同日期,has
#69c719,客户基本信息,1,客户信息源,has
#69c719,客户基本信息,1,客户信用等级,has
#69c719,客户基本信息,1,客户状态,has
#69c719,客户基本信息,1,客我工作关系,has
#69c719,客户基本信息,1,客我供求关系,has
#69c719,客户基本信息,1,老行业代码,has
#69c719,客户基本信息,1,老金融机构代码,has
#69c719,客户基本信息,1,临时编号,has
#69c719,客户基本信息,1,企业规模,has
#69c719,客户基本信息,1,企业级别,has
#69c719,客户基本信息,1,清户时间,has
#69c719,客户基本信息,1,是否金融机构,has
#69c719,客户基本信息,1,是否临时客户,has
#69c719,客户基本信息,1,是否纳税,has
#69c719,客户基本信息,1,是否内部客户,has
#69c719,客户基本信息,1,是否清户,has
#69c719,客户基本信息,1,是否上市企业,has
#69c719,客户基本信息,1,是否中小企业,has
#69c719,客户基本信息,1,是否重大客户,has
#69c719,客户基本信息,1,数据同步状态,has
#69c719,客户基本信息,1,所属分行,has
#69c719,客户基本信息,1,所属行业,has
#69c719,客户基本信息,1,所属机构,has
#69c719,客户基本信息,1,所属区域,has
#69c719,客户基本信息,1,所在地区,has
#69c719,客户基本信息,1,所在国家,has
#69c719,客户基本信息,1,投融资平台类型,has
#69c719,客户基本信息,1,业务模块授权情况,has
#69c719,客户基本信息,1,英文简称,has
#69c719,客户基本信息,1,英文全称,has
#69c719,客户基本信息,1,优先等级认定时间,has
#69c719,客户基本信息,1,重大客户认定时间,has
#69c719,客户基本信息,1,主客户标志,has
#69c719,客户基本信息,1,总资产,has
#69c719,客户基本信息,1,总资产币种,has
#69c719,客户基本信息,1,组织机构代码,has
#69c719,客户基本信息,1,组织机构类型,has
#69c719,按分行统计外币贷款余额,1,分行贷款余额,has
#69c719,按客户统计外币贷款余额,1,按分行统计外币贷款余额,extend
#69c719,按客户统计外币贷款余额,1,分行号,has
#69c719,按客户统计外币贷款余额,1,客户编号,has
#69c719,按客户统计外币贷款余额,2,客户贷款余额汇总,has
#69c719,按客户统计外币贷款余额,1,客户名称,has
#69c719,保证信息,1,保证类型,has
#69c719,保证信息,1,保证人名称,has
#69c719,保证信息,1,保证人状态,has
#69c719,保证信息,1,创建人,has
#69c719,保证信息,1,创建时间,has
#69c719,保证信息,1,担保限额,has
#69c719,保证信息,1,分类状态,has
#69c719,保证信息,1,国金局信贷局管理,has
#69c719,保证信息,1,监管状态,has
#69c719,保证信息,1,客户状态,has
#69c719,保证信息,1,修改人,has
#69c719,保证信息,1,修改时间,has
#69c719,本金本息拖欠日终表,1,币种,has
#69c719,本金本息拖欠日终表,1,贷款类型,has
#69c719,本金本息拖欠日终表,1,贷款余额,has
#69c719,本金本息拖欠日终表,1,贷款子类型,has
#69c719,本金本息拖欠日终表,1,分行号,has
#69c719,本金本息拖欠日终表,1,核心发放号,has
#69c719,本金本息拖欠日终表,1,回收类型代码,has
#69c719,本金本息拖欠日终表,1,回收类型名称,has
#69c719,本金本息拖欠日终表,1,借贷关系,has
#69c719,本金本息拖欠日终表,1,客户名称,has
#69c719,本金本息拖欠日终表,1,是否核销,has
#69c719,本金本息拖欠日终表,1,拖欠ID,has
#69c719,本金本息拖欠日终表,1,拖欠状态,has
#69c719,本金本息拖欠日终表,1,应收日期,has
#69c719,本息回收信息,1,备注,has
#69c719,本息回收信息,1,本金还款币别,has
#69c719,本息回收信息,1,本金还款金额,has
#69c719,本息回收信息,1,本金扣款科目,has
#69c719,本息回收信息,1,本金扣款余额,has
#69c719,本息回收信息,1,本金扣款帐户,has
#69c719,本息回收信息,1,本金账户类型,has
#69c719,本息回收信息,1,本息回收id,has
#69c719,本息回收信息,1,本息回收编号,has
#69c719,本息回收信息,1,处理环节代码,has
#69c719,本息回收信息,1,处理状态代码,has
#69c719,本息回收信息,1,创建日期,has
#69c719,本息回收信息,1,贷款发放信息,association
#69c719,本息回收信息,1,贷款号信息,association
#69c719,本息回收信息,1,贷款开立还款计划,association
#69c719,本息回收信息,1,贷款项提前还款信息,association
#69c719,本息回收信息,1,贷款种类,has
#69c719,本息回收信息,1,费用,has
#69c719,本息回收信息,1,付款用途,has
#69c719,本息回收信息,1,更新日期,has
#69c719,本息回收信息,1,国外银行业务编号,has
#69c719,本息回收信息,1,还款日期,has
#69c719,本息回收信息,1,还款原因代码,has
#69c719,本息回收信息,1,合同编号,has
#69c719,本息回收信息,1,回收计划信息,association
#69c719,本息回收信息,1,回收类型,has
#69c719,本息回收信息,1,汇款附言,has
#69c719,本息回收信息,1,计划还款金额,has
#69c719,本息回收信息,1,借款人id,has
#69c719,本息回收信息,1,经办机构,has
#69c719,本息回收信息,1,经办人编号,has
#69c719,本息回收信息,1,境外帐户,has
#69c719,本息回收信息,1,利息还款币别,has
#69c719,本息回收信息,1,利息还款金额,has
#69c719,本息回收信息,1,利息扣款科目,has
#69c719,本息回收信息,1,利息扣款余额,has
#69c719,本息回收信息,1,利息扣款帐号,has
#69c719,本息回收信息,1,利息账户类型,has
#69c719,本息回收信息,1,起息日,has
#69c719,本息回收信息,1,申请类型代码,has
#69c719,本息回收信息,1,申请日期,has
#69c719,本息回收信息,1,申请状态代码,has
#69c719,本息回收信息,1,审批结论代码,has
#69c719,本息回收信息,1,审批日期,has
#69c719,本息回收信息,1,是否贷款结清,has
#69c719,本息回收信息,1,收益人,has
#69c719,本息回收信息,1,收益人ACNO,has
#69c719,本息回收信息,1,收益人开户行,has
#69c719,本息回收信息,1,收益人开户行ACNO,has
#69c719,本息回收信息,1,送审说明,has
#69c719,本息回收信息,1,我行业务编号,has
#69c719,本息回收信息,1,业务类型,has
#69c719,本息回收信息,1,业务类型代码,has
#69c719,本息回收信息,1,中间行,has
#69c719,次新信用评级明细,1,等级有效日期,has
#69c719,次新信用评级明细,1,对应的实际信用等级,has
#69c719,次新信用评级明细,1,较新认定日期,has
#69c719,次新信用评级明细,1,信用等级排序,has
#69c719,大额客户不良情况信息,1,不良贷款率,has
#69c719,大额客户不良情况信息,1,不良贷款余额,has
#69c719,大额客户不良情况信息,1,次级类贷款余额,has
#69c719,大额客户不良情况信息,1,贷款余额,has
#69c719,大额客户不良情况信息,1,关注类贷款余额,has
#69c719,大额客户不良情况信息,1,机构号,has
#69c719,大额客户不良情况信息,1,机构名称,has
#69c719,大额客户不良情况信息,1,可疑类贷款余额,has
#69c719,大额客户不良情况信息,1,客户名称,has
#69c719,大额客户不良情况信息,1,客户注册地址,has
#69c719,大额客户不良情况信息,1,客户组织机构代码,has
#69c719,大额客户不良情况信息,1,授信额度,has
#69c719,大额客户不良情况信息,1,数据批次,has
#69c719,大额客户不良情况信息,1,损失类贷款余额,has
#69c719,大额客户不良情况信息,1,所属行政区划代码,has
#69c719,大额客户不良情况信息,1,所属行政区划代码名称,has
#69c719,大额客户不良情况信息,1,正常类贷款余额,has
#69c719,大额客户关联零售违约情况,1,贷款余额,has
#69c719,大额客户关联零售违约情况,1,关联违约人名称,has
#69c719,大额客户关联零售违约情况,1,关联违约人证件代码,has
#69c719,大额客户关联零售违约情况,1,关联违约人证件类型,has
#69c719,大额客户关联零售违约情况,1,机构号,has
#69c719,大额客户关联零售违约情况,1,机构名称,has
#69c719,大额客户关联零售违约情况,1,客户名称,has
#69c719,大额客户关联零售违约情况,1,客户注册地址,has
#69c719,大额客户关联零售违约情况,1,客户组织机构代码,has
#69c719,大额客户关联零售违约情况,1,授信额度,has
#69c719,大额客户关联零售违约情况,1,数据批次,has
#69c719,大额客户关联零售违约情况,1,违约类型,has
#69c719,大额客户关联零售违约情况,1,违约天数,has
#69c719,大额客户关联零售违约情况,1,与本企业关系类型,has
#69c719,大额客户限制类行业贷款情况,1,贷款余额,has
#69c719,大额客户限制类行业贷款情况,1,机构号,has
#69c719,大额客户限制类行业贷款情况,1,机构名称,has
#69c719,大额客户限制类行业贷款情况,1,客户名称,has
#69c719,大额客户限制类行业贷款情况,1,客户注册地址,has
#69c719,大额客户限制类行业贷款情况,1,客户组织机构代码,has
#69c719,大额客户限制类行业贷款情况,1,授信额度,has
#69c719,大额客户限制类行业贷款情况,1,数据批次,has
#69c719,大额客户限制类行业贷款情况,1,所属行政区划代码,has
#69c719,大额客户限制类行业贷款情况,1,所属行政区划代码名称,has
#69c719,大额客户限制类行业贷款情况,1,限制类行业不良贷款余额,has
#69c719,大额客户限制类行业贷款情况,1,限制类行业贷款不良率,has
#69c719,大额客户限制类行业贷款情况,1,限制类行业贷款率,has
#69c719,大额客户限制类行业贷款情况,1,限制类行业贷款余额,has
#69c719,大额客户预警,1,不良贷款,has
#69c719,大额客户预警,1,不良贷款率,has
#69c719,大额客户预警,1,次级类贷款,has
#69c719,大额客户预警,1,贷款金额,has
#69c719,大额客户预警,1,地区,has
#69c719,大额客户预警,1,地区名称,has
#69c719,大额客户预警,1,风险类型,has
#69c719,大额客户预警,1,关注类贷款,has
#69c719,大额客户预警,1,机构号,has
#69c719,大额客户预警,1,机构名称,has
#69c719,大额客户预警,1,可疑类贷款,has
#69c719,大额客户预警,1,客户地址,has
#69c719,大额客户预警,1,客户名称,has
#69c719,大额客户预警,1,客户组织机构代码,has
#69c719,大额客户预警,1,批次,has
#69c719,大额客户预警,1,授信额度,has
#69c719,大额客户预警,1,损失类贷款,has
#69c719,大额客户预警,1,正常类贷款,has
#69c719,贷款发放信息,1,保费,has
#69c719,贷款发放信息,1,报表统计标识,has
#69c719,贷款发放信息,1,备注,has
#69c719,贷款发放信息,1,币别,has
#69c719,贷款发放信息,1,处理环节代码,has
#69c719,贷款发放信息,1,处理状态代码,has
#69c719,贷款发放信息,1,创建时间,has
#69c719,贷款发放信息,1,代理行标示,has
#69c719,贷款发放信息,1,贷款发放编号,has
#69c719,贷款发放信息,1,贷款号信息,association
#69c719,贷款发放信息,1,贷款开立还款计划,association
#69c719,贷款发放信息,1,贷款项提前还款信息,association
#69c719,贷款发放信息,1,贷款种类,has
#69c719,贷款发放信息,1,担保种类,has
#69c719,贷款发放信息,1,当地费用,has
#69c719,贷款发放信息,1,对外贷款协议签订及修改日期,has
#69c719,贷款发放信息,1,对外借款协议金额,has
#69c719,贷款发放信息,1,发放到期日期,has
#69c719,贷款发放信息,1,发放计划信息,extend
#69c719,贷款发放信息,1,发放金额,has
#69c719,贷款发放信息,1,发放日期,has
#69c719,贷款发放信息,1,发放账户,has
#69c719,贷款发放信息,1,发票号,has
#69c719,贷款发放信息,1,发送核心标志,has
#69c719,贷款发放信息,1,更新日期,has
#69c719,贷款发放信息,1,行外合同编号,has
#69c719,贷款发放信息,1,合同编号,has
#69c719,贷款发放信息,1,核算产品子类,has
#69c719,贷款发放信息,1,核心发放号,has
#69c719,贷款发放信息,1,回收计划信息,extend
#69c719,贷款发放信息,1,汇率,has
#69c719,贷款发放信息,1,交易来源,has
#69c719,贷款发放信息,1,借款人id,has
#69c719,贷款发放信息,1,经办机构,has
#69c719,贷款发放信息,1,经办人编号,has
#69c719,贷款发放信息,1,境外贷款银行,has
#69c719,贷款发放信息,1,开户行全称,has
#69c719,贷款发放信息,1,开户行账号,has
#69c719,贷款发放信息,1,买方名称,has
#69c719,贷款发放信息,1,卖方名称,has
#69c719,贷款发放信息,1,批复日期,has
#69c719,贷款发放信息,1,其他所需说明情况,has
#69c719,贷款发放信息,1,商务合同号,has
#69c719,贷款发放信息,1,商务合同签订日期,has
#69c719,贷款发放信息,1,申请类型代码,has
#69c719,贷款发放信息,1,申请日期,has
#69c719,贷款发放信息,1,申请状态代码,has
#69c719,贷款发放信息,1,审批结论代码,has
#69c719,贷款发放信息,1,收益人全称,has
#69c719,贷款发放信息,1,送审说明,has
#69c719,贷款发放信息,1,提款类别,has
#69c719,贷款发放信息,1,提款协议签订日期,has
#69c719,贷款发放信息,1,提款组别,has
#69c719,贷款发放信息,1,网银发放序号,has
#69c719,贷款发放信息,1,网银发起人,has
#69c719,贷款发放信息,1,文件编号,has
#69c719,贷款发放信息,1,业务类型代码,has
#69c719,贷款发放信息,1,已发放金额,has
#69c719,贷款发放信息,1,银团产品类型,has
#69c719,贷款发放信息,1,银团发放类型,has
#69c719,贷款发放信息,1,原贷款发放id,has
#69c719,贷款发放信息,1,原因代码,has
#69c719,贷款发放信息,1,账户类型,has
#69c719,贷款发放信息,1,支付比例,has
#69c719,贷款发放信息,1,中间账户行名称,has
#69c719,贷款发放信息,1,中间账户行账号,has
#69c719,贷款发放信息,1,主担保类型,has
#69c719,贷款发放信息,1,转存科目,has
#69c719,贷款发放信息,1,转贷费率,has
#69c719,贷款号信息,1,本金本息拖欠日终表,isa
#69c719,贷款号信息,1,币种,has
#69c719,贷款号信息,1,成员行编号,has
#69c719,贷款号信息,1,贷款号类型,has
#69c719,贷款号信息,1,贷款回收计划调整,association
#69c719,贷款号信息,1,贷款金额,has
#69c719,贷款号信息,1,贷款开立还款计划,association
#69c719,贷款号信息,1,贷款开立信息,extend
#69c719,贷款号信息,1,贷款项提前还款信息,association
#69c719,贷款号信息,1,贷款状态,has
#69c719,贷款号信息,1,到期日期,has
#69c719,贷款号信息,1,发放截止日期,has
#69c719,贷款号信息,1,发放台账表,extend
#69c719,贷款号信息,1,核算产品类型,has
#69c719,贷款号信息,1,核算产品子类,has
#69c719,贷款号信息,1,核心交易状态,has
#69c719,贷款号信息,1,汇率,has
#69c719,贷款号信息,1,汇率类型,has
#69c719,贷款号信息,1,经办机构,has
#69c719,贷款号信息,1,经办人员,has
#69c719,贷款号信息,1,客户基本信息,association
#69c719,贷款号信息,1,期限,has
#69c719,贷款号信息,1,期限单位,has
#69c719,贷款号信息,1,起始日期,has
#69c719,贷款号信息,1,是否本行,has
#69c719,贷款号信息,1,是否循环使用,has
#69c719,贷款号信息,1,提前还款信息,isa
#69c719,贷款号信息,1,业务数据标识,has
#69c719,贷款号信息,1,银团成员id,has
#69c719,贷款号信息,1,银团成员份额id,has
#69c719,贷款号信息,1,质量分类结果相关信息,extend
#69c719,贷款号信息,1,资产质量分类级别,has
#69c719,贷款号信息,1,资产质量分类日期,has
#69c719,贷款回收计划调整,1,本次提前还款金额,has
#69c719,贷款回收计划调整,1,回收计划调整id,has
#69c719,贷款回收计划调整,1,提前还款币种,has
#69c719,贷款开立还款计划,1,创建时间,has
#69c719,贷款开立还款计划,1,贷款回收计划调整,extend
#69c719,贷款开立还款计划,1,更新时间,has
#69c719,贷款开立还款计划,1,还款金额,has
#69c719,贷款开立还款计划,1,还款日期,has
#69c719,贷款开立还款计划,1,合同还款计划id,has
#69c719,贷款开立还款计划,1,回收计划删除标志,has
#69c719,贷款开立还款计划,1,回收计划信息,isa
#69c719,贷款开立还款计划,1,已发放金额,has
#69c719,贷款开立还款计划,1,已还款金额,has
#69c719,贷款开立信息,1,本息回收信息,extend
#69c719,贷款开立信息,1,标准贷款种类,has
#69c719,贷款开立信息,1,处理状态,has
#69c719,贷款开立信息,1,创建时间,has
#69c719,贷款开立信息,1,贷款发放信息,association
#69c719,贷款开立信息,3,贷款号,has
#69c719,贷款开立信息,1,贷款号信息,association
#69c719,贷款开立信息,1,贷款回收计划调整,association
#69c719,贷款开立信息,1,贷款开立编号,has
#69c719,贷款开立信息,1,贷款开立还款计划,association
#69c719,贷款开立信息,1,贷款人编号,has
#69c719,贷款开立信息,1,贷款项提前还款信息,isa
#69c719,贷款开立信息,1,贷款用途代码,has
#69c719,贷款开立信息,1,贷款用途描述,has
#69c719,贷款开立信息,1,贷款种类,has
#69c719,贷款开立信息,1,贷款状态,has
#69c719,贷款开立信息,1,到期日期,has
#69c719,贷款开立信息,1,等值业务类型,has
#69c719,贷款开立信息,1,发放,extend
#69c719,贷款开立信息,1,发放计划信息,association
#69c719,贷款开立信息,1,罚息的复利,has
#69c719,贷款开立信息,1,复利的复利,has
#69c719,贷款开立信息,1,更新时间,has
#69c719,贷款开立信息,1,国际业务代码,has
#69c719,贷款开立信息,1,还款计划变更方式,has
#69c719,贷款开立信息,3,合同号,has
#69c719,贷款开立信息,1,回收计划信息,isa
#69c719,贷款开立信息,1,汇率，默认为1,has
#69c719,贷款开立信息,1,汇率类型，01牌价汇率，02固定汇率,has
#69c719,贷款开立信息,1,基准年天数,has
#69c719,贷款开立信息,1,基准月天数,has
#69c719,贷款开立信息,1,结息周期,has
#69c719,贷款开立信息,1,结息周期单位,has
#69c719,贷款开立信息,1,经办机构,has
#69c719,贷款开立信息,1,经办用户,has
#69c719,贷款开立信息,1,开立类型,has
#69c719,贷款开立信息,1,宽限期天数,has
#69c719,贷款开立信息,1,利率变动日,has
#69c719,贷款开立信息,1,利率变动周期,has
#69c719,贷款开立信息,1,利率条款补充说明,has
#69c719,贷款开立信息,1,利率调整方式,has
#69c719,贷款开立信息,1,利息回收日,has
#69c719,贷款开立信息,1,利息资本化结束日期,has
#69c719,贷款开立信息,1,利息资本化起始日期,has
#69c719,贷款开立信息,1,批复日期,has
#69c719,贷款开立信息,1,期限,has
#69c719,贷款开立信息,1,期限单位,has
#69c719,贷款开立信息,1,起始日期,has
#69c719,贷款开立信息,1,申请日期,has
#69c719,贷款开立信息,1,审批结论,has
#69c719,贷款开立信息,1,是否出口信贷,has
#69c719,贷款开立信息,1,是否等值币种,has
#69c719,贷款开立信息,1,是否利息资本化,has
#69c719,贷款开立信息,1,是否内部借款,has
#69c719,贷款开立信息,1,是否外汇业务Y是；N否,has
#69c719,贷款开立信息,1,送审说明,has
#69c719,贷款开立信息,1,提前还款信息,association
#69c719,贷款开立信息,1,投项,has
#69c719,贷款开立信息,1,外汇贷款性质,has
#69c719,贷款开立信息,1,系统内借款类型,has
#69c719,贷款开立信息,1,下一利率变动日期,has
#69c719,贷款开立信息,1,下一利息回收日期,has
#69c719,贷款开立信息,1,显示银团产品,has
#69c719,贷款开立信息,1,业务环节,has
#69c719,贷款开立信息,1,业务类型,has
#69c719,贷款开立信息,1,业务数据标识,has
#69c719,贷款开立信息,1,资产证券化开立标识,has
#69c719,贷款末笔发放,1,最后发放日,has
#69c719,贷款项提前还款信息,1,贷款回收计划调整,extend
#69c719,贷款项提前还款信息,1,贷款开立还款计划,association
#69c719,贷款项提前还款信息,1,赔偿金额,has
#69c719,贷款项提前还款信息,1,提前还款金额,has
#69c719,贷款资产质量不良,1,币种,has
#69c719,贷款资产质量不良,1,贷款末笔发放,extend
#69c719,贷款资产质量不良,1,贷款正常利息的成本利率基准,has
#69c719,贷款资产质量不良,1,贷款正常利息的利率基准,has
#69c719,贷款资产质量不良,1,贷款正常利息的利率基准的外加利差,has
#69c719,贷款资产质量不良,1,分行号,has
#69c719,贷款资产质量不良,1,分行名称,has
#69c719,贷款资产质量不良,2,分类时点,has
#69c719,贷款资产质量不良,1,合同编号,has
#69c719,贷款资产质量不良,1,合同金额元,has
#69c719,贷款资产质量不良,1,合同生效日期,has
#69c719,贷款资产质量不良,1,客户编号,has
#69c719,贷款资产质量不良,1,客户名称,has
#69c719,贷款资产质量不良,1,项目编号,has
#69c719,贷款资产质量不良,1,项目名称,has
#69c719,贷款资产质量不良,1,总行认定级别,has
#69c719,贷款资产质量不良,1,总行认定级别描述,has
#69c719,贷款资产质量不良,1,总行认定类别,has
#69c719,贷款资产质量不良,1,总行认定类别描述,has
#69c719,贷款资产质量分类信息,1,币种,has
#69c719,贷款资产质量分类信息,1,贷款正常利息的成本利率基准,has
#69c719,贷款资产质量分类信息,1,贷款正常利息的利率基准,has
#69c719,贷款资产质量分类信息,1,贷款正常利息的利率基准的外加利差,has
#69c719,贷款资产质量分类信息,1,贷款资产质量不良,isa
#69c719,贷款资产质量分类信息,1,分行号,has
#69c719,贷款资产质量分类信息,1,分行名称,has
#69c719,贷款资产质量分类信息,1,分类时点,has
#69c719,贷款资产质量分类信息,1,合同编号,has
#69c719,贷款资产质量分类信息,1,合同金额元,has
#69c719,贷款资产质量分类信息,1,合同生效日期,has
#69c719,贷款资产质量分类信息,1,客户编号,has
#69c719,贷款资产质量分类信息,1,客户名称,has
#69c719,贷款资产质量分类信息,1,项目编号,has
#69c719,贷款资产质量分类信息,1,项目名称,has
#69c719,贷款资产质量分类信息,1,总行认定级别,has
#69c719,贷款资产质量分类信息,1,总行认定级别描述,has
#69c719,贷款资产质量分类信息,1,总行认定类别,has
#69c719,贷款资产质量分类信息,1,总行认定类别描述,has
#69c719,贷款资产质量情况,1,分行分类级别,has
#69c719,贷款资产质量情况,1,分行分类类别,has
#69c719,贷款资产质量情况,1,分行号,has
#69c719,贷款资产质量情况,1,分行名称,has
#69c719,贷款资产质量情况,1,分类时点,has
#69c719,贷款资产质量情况,1,分类项目ID,has
#69c719,贷款资产质量情况,1,季末贷款资产质量情况,isa
#69c719,贷款资产质量情况,1,项目编号,has
#69c719,贷款资产质量情况,1,项目名称,has
#69c719,贷款资产质量情况,1,总行分类级别,has
#69c719,贷款资产质量情况,1,总行分类类别,has
#69c719,贷款资产质量信息,1,币种,has
#69c719,贷款资产质量信息,1,贷款正常利息的成本利率基准,has
#69c719,贷款资产质量信息,1,贷款正常利息的利率基准,has
#69c719,贷款资产质量信息,1,贷款正常利息的利率基准的外加利差,has
#69c719,贷款资产质量信息,1,分行号,has
#69c719,贷款资产质量信息,1,分行名称,has
#69c719,贷款资产质量信息,1,分类时点,has
#69c719,贷款资产质量信息,1,合同编号,has
#69c719,贷款资产质量信息,1,合同金额元,has
#69c719,贷款资产质量信息,1,合同生效日期,has
#69c719,贷款资产质量信息,1,汇总部门分类,has
#69c719,贷款资产质量信息,1,客户编号,has
#69c719,贷款资产质量信息,1,客户名称,has
#69c719,贷款资产质量信息,1,项目编号,has
#69c719,贷款资产质量信息,1,项目名称,has
#69c719,贷款资产质量信息,1,资产质量类别,extend
#69c719,贷款资产质量信息,1,总行认定结果,has
#69c719,贷款子类型,1,管理标志,has
#69c719,贷款子类型,1,未核销贷款,extend
#69c719,贷款子类型,1,信贷相关信息,extend
#69c719,担保合同,1,保证期间,has
#69c719,担保合同,1,变更方式,has
#69c719,担保合同,1,变更概述,has
#69c719,担保合同,1,变更事项,has
#69c719,担保合同,1,创建时间,has
#69c719,担保合同,1,担保方式,has
#69c719,担保合同,1,担保合同编号,has
#69c719,担保合同,1,担保合同补充,has
#69c719,担保合同,1,担保合同签订,has
#69c719,担保合同,1,担保合同状态,has
#69c719,担保合同,1,担保权益比例类型,has
#69c719,担保合同,1,更新时间,has
#69c719,担保合同,1,合同变更日期,has
#69c719,担保合同,1,合同到期日期,has
#69c719,担保合同,1,合同签订日期,has
#69c719,担保合同,1,合同生效日期,has
#69c719,担保合同,1,合同信息,association
#69c719,担保合同,1,合同约定的登记条款,has
#69c719,担保合同,1,合同终止备注,has
#69c719,担保合同,1,合同终止类型,has
#69c719,担保合同,1,合同终止日期,has
#69c719,担保合同,1,借款合同与担保合同关联关系,isa
#69c719,担保合同,1,历史担保合同id,has
#69c719,担保合同,1,是否变更,has
#69c719,担保合同,1,业务数据标识,has
#69c719,担保合同,1,约定保险办理期限,has
#69c719,担保合同,1,约定登记办理期限,has
#69c719,担保合同编号,1,担保合同号,play_as
#69c719,担保合同与担保物关联关系,1,创建时间,has
#69c719,担保合同与担保物关联关系,1,担保合同与担保物关联id,has
#69c719,担保合同与担保物关联关系,1,担保客户id,has
#69c719,担保合同与担保物关联关系,1,担保品类型,has
#69c719,担保合同与担保物关联关系,1,更新时间,has
#69c719,担保合同与担保物关联关系,1,关联类型,has
#69c719,担保合同与担保物关联关系,1,是否有效,has
#69c719,担保品,1,保证信息,extend
#69c719,担保品,1,担保品类别,has
#69c719,担保品,1,抵质押品信息,extend
#69c719,担保人信息,1,担保方式,has
#69c719,担保人信息,1,担保合同号,has
#69c719,担保人信息,1,担保人代码,has
#69c719,担保人信息,1,客户名称,has
#69c719,担保相关信息,1,保证比例,has
#69c719,担保相关信息,1,保证金额,has
#69c719,担保相关信息,1,担保方式,has
#69c719,担保相关信息,1,担保方式描述,has
#69c719,担保相关信息,1,担保合同编号,has
#69c719,担保相关信息,1,担保合同状态,has
#69c719,担保相关信息,1,抵质押品充足性计算,extend
#69c719,等级有效日期,1,次新有效日期,play_as
#69c719,等级有效日期,1,最新有效日期,play_as
#69c719,抵质押品充足性计算,1,标准抵质押率,has
#69c719,抵质押品充足性计算,1,存在状态类别,has
#69c719,抵质押品充足性计算,1,抵质押品编号,has
#69c719,抵质押品充足性计算,1,抵质押品的充足性等级,has
#69c719,抵质押品充足性计算,1,抵质押品名称,has
#69c719,抵质押品充足性计算,1,抵质押品确认价值,has
#69c719,抵质押品充足性计算,1,抵质押物类型,has
#69c719,抵质押品充足性计算,1,抵质押状态,has
#69c719,抵质押品充足性计算,1,实际抵质押率,has
#69c719,抵质押品抵质押率信息,2,标准抵质押率,has
#69c719,抵质押品抵质押率信息,1,存在状态类别,has
#69c719,抵质押品抵质押率信息,1,抵质押品ID,has
#69c719,抵质押品抵质押率信息,1,抵质押品编号,has
#69c719,抵质押品抵质押率信息,1,抵质押品充足性计算,aggregation
#69c719,抵质押品抵质押率信息,1,抵质押品价值不足,extend
#69c719,抵质押品抵质押率信息,1,抵质押品名称,has
#69c719,抵质押品抵质押率信息,1,抵质押品确认价值,has
#69c719,抵质押品抵质押率信息,1,抵质押物类型,has
#69c719,抵质押品抵质押率信息,1,抵质押状态,has
#69c719,抵质押品抵质押率信息,1,实际抵质押率,has
#69c719,抵质押品抵质押率信息表,1,标准抵质押率,has
#69c719,抵质押品抵质押率信息表,1,创建人,has
#69c719,抵质押品抵质押率信息表,1,创建时间,has
#69c719,抵质押品抵质押率信息表,1,担保品,association
#69c719,抵质押品抵质押率信息表,1,抵质押率ID,has
#69c719,抵质押品抵质押率信息表,1,修改人,has
#69c719,抵质押品抵质押率信息表,1,修改时间,has
#69c719,抵质押品信息,1,补充说明,has
#69c719,抵质押品信息,1,财会处审批,has
#69c719,抵质押品信息,1,创建人ID,has
#69c719,抵质押品信息,1,创建时间,has
#69c719,抵质押品信息,1,存在状态类别,has
#69c719,抵质押品信息,1,担保人ID,has
#69c719,抵质押品信息,1,当前保管状态,has
#69c719,抵质押品信息,1,登记管理要求,has
#69c719,抵质押品信息,1,登记状态,has
#69c719,抵质押品信息,1,抵质押_抵质押品ID,has
#69c719,抵质押品信息,1,抵质押品ID,has
#69c719,抵质押品信息,1,抵质押品编号,has
#69c719,抵质押品信息,1,抵质押品大类,has
#69c719,抵质押品信息,1,抵质押品抵质押率信息,extend
#69c719,抵质押品信息,1,抵质押品抵质押率信息表,extend
#69c719,抵质押品信息,1,抵质押品二级类别,has
#69c719,抵质押品信息,1,抵质押品管理人,has
#69c719,抵质押品信息,1,抵质押品价值不足,extend
#69c719,抵质押品信息,1,抵质押品监管流程状态,has
#69c719,抵质押品信息,1,抵质押品名称,has
#69c719,抵质押品信息,1,抵质押品确认价值,has
#69c719,抵质押品信息,1,抵质押品信息来源,has
#69c719,抵质押品信息,1,抵质押情况统计信息,extend
#69c719,抵质押品信息,1,抵质押人,has
#69c719,抵质押品信息,1,抵质押物类型,has
#69c719,抵质押品信息,1,抵质押状态,has
#69c719,抵质押品信息,1,分类状态,has
#69c719,抵质押品信息,1,关键信息n,has
#69c719,抵质押品信息,1,关键信息权利证明编号,has
#69c719,抵质押品信息,1,关键信息权利证明编号类型,has
#69c719,抵质押品信息,1,国家,has
#69c719,抵质押品信息,1,国金局信贷局管理,has
#69c719,抵质押品信息,1,监管状态,has
#69c719,抵质押品信息,1,境内外,has
#69c719,抵质押品信息,1,老数据导入维护状态字段,has
#69c719,抵质押品信息,1,区（县）代码,has
#69c719,抵质押品信息,1,省直辖市自治区代码,has
#69c719,抵质押品信息,1,是否存在质押账户,has
#69c719,抵质押品信息,1,是否登记,has
#69c719,抵质押品信息,1,是否未来权限,has
#69c719,抵质押品信息,1,收费权质押文件编码,has
#69c719,抵质押品信息,1,数据来源,has
#69c719,抵质押品信息,1,所属地区省,has
#69c719,抵质押品信息,1,所属地区市,has
#69c719,抵质押品信息,1,所属地区县,has
#69c719,抵质押品信息,1,所属机构,has
#69c719,抵质押品信息,1,所在国家,has
#69c719,抵质押品信息,1,修改人,has
#69c719,抵质押品信息,1,修改时间,has
#69c719,抵质押品信息,1,预登记,has
#69c719,抵质押品信息,1,帐户币种,has
#69c719,抵质押品信息,1,质押账户开户行,has
#69c719,抵质押品信息,1,质押账户银行账号,has
#69c719,抵质押情况统计信息,1,抵质押品价值不足,extend
#69c719,抵质押情况统计信息,1,实际抵质押率,has
#69c719,对应的实际信用等级,1,次新信用等级值,play_as
#69c719,对应的实际信用等级,1,最新信用等级值,play_as
#69c719,发放计划信息,1,创建日期,has
#69c719,发放计划信息,1,发布金额,has
#69c719,发放计划信息,1,发放计划id,has
#69c719,发放计划信息,1,发放金额,has
#69c719,发放计划信息,1,发放日期,has
#69c719,发放计划信息,1,发放序号,has
#69c719,发放计划信息,1,更新日期,has
#69c719,发放计划信息,1,合同发放计划id,has
#69c719,发放计划信息,1,回收计划信息,association
#69c719,发放计划信息,1,计划发放日期,has
#69c719,发放计划信息,1,账户发放计划id,has
#69c719,发放台账表,1,币种,has
#69c719,发放台账表,1,贷款金额,has
#69c719,发放台账表,1,贷款期限,has
#69c719,发放台账表,1,贷款人名称,has
#69c719,发放台账表,1,贷款用途,has
#69c719,发放台账表,1,贷款种类,has
#69c719,发放台账表,1,发放号,has
#69c719,发放台账表,1,发放金额,has
#69c719,发放台账表,1,发放日期,has
#69c719,发放台账表,1,发放台账ID,has
#69c719,发放台账表,1,发放账号,has
#69c719,发放台账表,1,复利执行利率,has
#69c719,发放台账表,1,结息周期,has
#69c719,发放台账表,1,借款人编号,has
#69c719,发放台账表,1,经办机构,has
#69c719,发放台账表,1,经办人编号,has
#69c719,发放台账表,1,累计发放比例,has
#69c719,发放台账表,1,累计发放金额,has
#69c719,发放台账表,1,利率变动周期,has
#69c719,发放台账表,1,利率类型,has
#69c719,发放台账表,1,利率调整方式,has
#69c719,发放台账表,1,未发放金额,has
#69c719,发放台账表,1,下一利率变动日,has
#69c719,发放台账表,1,逾期执行利率,has
#69c719,发放台账表,1,逾期资金成本,has
#69c719,发放台账表,1,正常执行利率,has
#69c719,发放台账表,1,资金成本,has
#69c719,非最新信用等级的客户,1,次新信用评级,aggregation
#69c719,非最新信用等级的客户,1,等级认定日期,has
#69c719,非最新信用等级的客户,1,等级有效日期,has
#69c719,非最新信用等级的客户,1,对应的实际信用等级,has
#69c719,非最新信用等级的客户,1,信贷系统编号,has
#69c719,非最新信用等级的客户,1,信用等级排序,has
#69c719,非最新信用等级的客户,1,信用最终等级,has
#69c719,分类时点,1,不良最早认定日期,play_as
#69c719,分类时点,1,发放不久转不良天数,play_as
#69c719,分类项目与贷款关联关系,1,贷款发放后不久转不良,extend
#69c719,分类项目与贷款关联关系,1,贷款资产质量分类信息,extend
#69c719,分类项目与贷款关联关系,1,信贷相关信息,extend
#69c719,分类项目与贷款关联关系,1,资产质量分类项目分类信息,extend
#69c719,规划项目基本信息,1,报表统计标识,has
#69c719,规划项目基本信息,1,备用国民经济行业,has
#69c719,规划项目基本信息,1,币种,has
#69c719,规划项目基本信息,1,出库时间,has
#69c719,规划项目基本信息,1,创建时间,has
#69c719,规划项目基本信息,1,创建用户,has
#69c719,规划项目基本信息,1,更新时间,has
#69c719,规划项目基本信息,1,更新用户,has
#69c719,规划项目基本信息,1,规划委审议文号,has
#69c719,规划项目基本信息,1,国民经济行业,has
#69c719,规划项目基本信息,1,合同信息,extend
#69c719,规划项目基本信息,1,建设地区,has
#69c719,规划项目基本信息,1,建设内容,has
#69c719,规划项目基本信息,1,交叉项目标识,has
#69c719,规划项目基本信息,1,借款合同与担保合同关联关系,association
#69c719,规划项目基本信息,1,境内外,has
#69c719,规划项目基本信息,1,客户基本信息,association
#69c719,规划项目基本信息,1,客户经理A,has
#69c719,规划项目基本信息,1,客户经理B,has
#69c719,规划项目基本信息,1,绿色通道项目描述,has
#69c719,规划项目基本信息,1,期限,has
#69c719,规划项目基本信息,1,期限单位,has
#69c719,规划项目基本信息,1,入库时间,has
#69c719,规划项目基本信息,1,删除标志,has
#69c719,规划项目基本信息,1,申请开行金额,has
#69c719,规划项目基本信息,1,审批额度,has
#69c719,规划项目基本信息,1,升级时间,has
#69c719,规划项目基本信息,1,使用方式,has
#69c719,规划项目基本信息,1,是否归属中小企业系统,has
#69c719,规划项目基本信息,1,是否规划委审议项目,has
#69c719,规划项目基本信息,1,是否绿色通道项目,has
#69c719,规划项目基本信息,1,是否纳入评审计划,has
#69c719,规划项目基本信息,1,是否三优项目,has
#69c719,规划项目基本信息,1,是否审批通过,has
#69c719,规划项目基本信息,1,是否限制类行业,has
#69c719,规划项目基本信息,1,授信组别,has
#69c719,规划项目基本信息,1,所属地区省,has
#69c719,规划项目基本信息,1,所属地区市,has
#69c719,规划项目基本信息,1,所属地区县,has
#69c719,规划项目基本信息,1,所属机构,has
#69c719,规划项目基本信息,1,所在大区,has
#69c719,规划项目基本信息,1,所在国家,has
#69c719,规划项目基本信息,1,项目编号,has
#69c719,规划项目基本信息,1,项目成熟情况说明,has
#69c719,规划项目基本信息,1,项目规模,has
#69c719,规划项目基本信息,1,项目级别,has
#69c719,规划项目基本信息,1,项目名称,has
#69c719,规划项目基本信息,1,项目是否建议评级,has
#69c719,规划项目基本信息,1,项目所在地,isa
#69c719,规划项目基本信息,1,项目预计评审时间,has
#69c719,规划项目基本信息,1,项目状态,has
#69c719,规划项目基本信息,1,协议信息,association
#69c719,规划项目基本信息,1,业务品种,has
#69c719,规划项目基本信息,1,重点行业,has
#69c719,规划项目基本信息,1,重点区域,has
#69c719,规划项目基本信息,1,资金支付,association
#69c719,规划项目基本信息,1,总投资,has
#69c719,合同信息,1,1年度提款计划变更，2跨年度提款计划,has
#69c719,合同信息,1,A角客户经理编号,has
#69c719,合同信息,1,B角客户经理编号,has
#69c719,合同信息,1,报表标识,has
#69c719,合同信息,1,备注,has
#69c719,合同信息,1,变更后资产质量分类,has
#69c719,合同信息,1,变更前资产质量分类,has
#69c719,合同信息,1,表外受托客户名称,has
#69c719,合同信息,1,表外受托业务类型,has
#69c719,合同信息,1,处理状态,has
#69c719,合同信息,1,创建来源标识,has
#69c719,合同信息,1,创建时间,has
#69c719,合同信息,1,贷款投向行业,has
#69c719,合同信息,1,贷款用途,has
#69c719,合同信息,1,贷款余额,has
#69c719,合同信息,1,担保比例,has
#69c719,合同信息,1,担保类型,has
#69c719,合同信息,1,等值币种,has
#69c719,合同信息,1,等值币种业务类型,has
#69c719,合同信息,1,抵质押率补充手段,has
#69c719,合同信息,1,风险承担方式,has
#69c719,合同信息,1,更新时间,has
#69c719,合同信息,1,还款主要来源,has
#69c719,合同信息,1,行外合同编号,has
#69c719,合同信息,1,合同报备,has
#69c719,合同信息,1,合同币种,has
#69c719,合同信息,1,合同变更日期,has
#69c719,合同信息,1,合同管理机构,has
#69c719,合同信息,1,合同截止日期,has
#69c719,合同信息,1,合同金额,has
#69c719,合同信息,1,合同签订日期,has
#69c719,合同信息,1,合同生效日期,has
#69c719,合同信息,1,合同是否与贷委会审议纪要要求相符,has
#69c719,合同信息,1,合同是否总行审批,has
#69c719,合同信息,1,合同谈判id,has
#69c719,合同信息,1,合同特征号,has
#69c719,合同信息,1,合同文本必备条款是否修改,has
#69c719,合同信息,1,合同性质,has
#69c719,合同信息,1,合同终止备注,has
#69c719,合同信息,1,合同终止类型,has
#69c719,合同信息,1,合同终止日期,has
#69c719,合同信息,1,合同种类,has
#69c719,合同信息,1,合同状态,has
#69c719,合同信息,1,合作方客户id,has
#69c719,合同信息,1,借款合同与担保合同关联关系,extend
#69c719,合同信息,1,经办用户,has
#69c719,合同信息,1,开行机构编号,has
#69c719,合同信息,1,联系电话,has
#69c719,合同信息,1,批复日期,has
#69c719,合同信息,1,批复状态,has
#69c719,合同信息,1,其他风险缓释措施,has
#69c719,合同信息,1,申请日期,has
#69c719,合同信息,1,是否次参与行,has
#69c719,合同信息,1,是否存在其他风险缓释措施,has
#69c719,合同信息,1,是否外汇业务Y是；N否,has
#69c719,合同信息,1,是否为我行项目,has
#69c719,合同信息,1,是否允许提前还款,has
#69c719,合同信息,1,系统合同编号,has
#69c719,合同信息,1,项目编号,has
#69c719,合同信息,1,项目建设及贷款执行情况,has
#69c719,合同信息,1,项目名称,has
#69c719,合同信息,1,协议信息,extend
#69c719,合同信息,1,信用风险控制技术,has
#69c719,合同信息,1,业务环节,has
#69c719,合同信息,1,业务类型,has
#69c719,合同信息,1,业务数据标识,has
#69c719,合同信息,1,银团产品,has
#69c719,合同信息,1,银团合同签订类型,has
#69c719,合同信息,1,原合同id,has
#69c719,合同信息,1,原合同编号,has
#69c719,合同信息,1,原合同执行id,has
#69c719,合同信息,1,债权人客户id,has
#69c719,合同信息,1,债权性质,has
#69c719,合同信息,1,真实合同状态,has
#69c719,合同信息,1,主担保方式,has
#69c719,合同信息,1,资产贷款余额,has
#69c719,合同信息,1,资产质量分类级别,has
#69c719,合同信息,1,资产质量分类项目类型,has
#69c719,合同信息,1,资金支付,extend
#69c719,合同信息,1,总行部门审查意见采纳情况说明,has
#69c719,核心客户号,1,关联客户核心客户号,play_as
#69c719,回收计划信息,1,本次发放金额,has
#69c719,回收计划信息,1,表内还款金额,has
#69c719,回收计划信息,1,表外还款金额,has
#69c719,回收计划信息,1,创建时间,has
#69c719,回收计划信息,1,贷款发放编号,has
#69c719,回收计划信息,1,贷款发放信息,association
#69c719,回收计划信息,1,贷款号信息,association
#69c719,回收计划信息,1,贷款回收计划调整,association
#69c719,回收计划信息,1,贷款开立还款计划,association
#69c719,回收计划信息,1,贷款项提前还款信息,association
#69c719,回收计划信息,1,放款日期,has
#69c719,回收计划信息,1,更新日期,has
#69c719,回收计划信息,1,合同还款计划id,has
#69c719,回收计划信息,1,回款计划id,has
#69c719,回收计划信息,1,回收计划删除标志,has
#69c719,回收计划信息,1,计划回收日期,has
#69c719,回收计划信息,1,实际回收日期,has
#69c719,回收计划信息,1,未回收金额,has
#69c719,回收计划信息,1,已发放金额,has
#69c719,回收计划信息,1,已回收金额,has
#69c719,汇总部门分类,1,总行认定类别,play_as
#69c719,季末贷款资产质量情况,1,边缘类项目信息,isa
#69c719,较新认定日期,1,次新信用评级明细,isa
#69c719,借款合同与担保合同关联关系,1,保证比例,has
#69c719,借款合同与担保合同关联关系,1,保证金额,has
#69c719,借款合同与担保合同关联关系,1,创建时间,has
#69c719,借款合同与担保合同关联关系,1,担保方式,has
#69c719,借款合同与担保合同关联关系,1,担保合同编号,has
#69c719,借款合同与担保合同关联关系,1,更新时间,has
#69c719,借款合同与担保合同关联关系,1,关联关系状态,has
#69c719,借款合同与担保合同关联关系,1,关联类型,has
#69c719,借款合同与担保合同关联关系,1,合同来源,has
#69c719,借款合同与担保合同关联关系,1,合同与担保合同关联id,has
#69c719,借款合同与担保合同关联关系,1,客户基本信息,association
#69c719,借款合同与担保合同关联关系,1,是否全额保证,has
#69c719,借款合同与担保合同关联关系,1,数据来源,has
#69c719,借款合同与担保合同关联关系,1,外系统合同币种,has
#69c719,借款合同与担保合同关联关系,1,外系统合同汇率,has
#69c719,借款合同与担保合同关联关系,1,外系统合同金额,has
#69c719,借款合同与担保合同关联关系,1,协议信息,association
#69c719,借款合同与担保合同关联关系,1,资金支付,association
#69c719,开行行业,1,开行行业编码,has
#69c719,开行行业,1,两高一资的开行行业,aggregation
#69c719,客户编号,1,担保人代码,play_as
#69c719,客户贷款余额汇总,1,客户贷款余额占比,play_as
#69c719,客户关联关系,1,客户关联关系明细,extend
#69c719,客户关联关系,1,客户号,has
#69c719,客户关联关系,1,客户基本信息,extend
#69c719,客户关联关系明细,1,关联关系描述,has
#69c719,客户关联关系明细,1,关联客户号,has
#69c719,客户关联关系明细,1,关联客户类型,has
#69c719,客户关联关系明细,1,关联客户类型说明,has
#69c719,客户关联关系明细,1,关系编号,has
#69c719,客户关联关系明细,1,关系类型,has
#69c719,客户关联关系明细,1,核心客户号,has
#69c719,客户关联关系明细,1,客户号,has
#69c719,客户关联关系明细,1,客户基本信息,extend
#69c719,客户关联关系明细,1,客户全称,has
#69c719,客户基本信息,1,保证信息,extend
#69c719,客户基本信息,1,本金本息拖欠日终表,isa
#69c719,客户基本信息,1,担保合同,extend
#69c719,客户基本信息,1,担保品,association
#69c719,客户基本信息,1,合同信息,extend
#69c719,客户基本信息,2,核心客户号,has
#69c719,客户基本信息,1,客户编号,has
#69c719,客户基本信息,1,客户关联关系,extend
#69c719,客户基本信息,1,客户关联关系明细,extend
#69c719,客户基本信息,2,客户全称,has
#69c719,客户基本信息,1,授信基本信息,extend
#69c719,客户基本信息,1,协议信息,association
#69c719,客户基本信息,1,中文全称,has
#69c719,客户全称,1,关联客户全称,play_as
#69c719,内外币贷款,1,按分行统计外币贷款余额,aggregation
#69c719,内外币贷款,1,按客户统计外币贷款余额,aggregation
#69c719,内外币贷款,2,分行号,has
#69c719,内外币贷款,1,客户编号,has
#69c719,内外币贷款,1,客户名称,has
#69c719,企业垫款信息明细,1,币种,has
#69c719,企业垫款信息明细,1,垫款金额,has
#69c719,企业垫款信息明细,1,垫款日期,has
#69c719,企业垫款信息明细,1,垫款余额,has
#69c719,企业垫款信息明细,1,机构号,has
#69c719,企业垫款信息明细,1,机构名称,has
#69c719,企业垫款信息明细,1,结清日期,has
#69c719,企业垫款信息明细,1,结清状态标识,has
#69c719,企业垫款信息明细,1,客户名称,has
#69c719,企业垫款信息明细,1,企业ID（系统键）,has
#69c719,企业垫款信息明细,1,授信机构,has
#69c719,企业垫款信息明细,1,数据批次,has
#69c719,企业垫款信息明细,1,五级分类,has
#69c719,企业垫款信息明细,1,原业务类型,has
#69c719,企业对外担保信息明细,1,被担保人名称,has
#69c719,企业对外担保信息明细,1,被担保人证件代码,has
#69c719,企业对外担保信息明细,1,被担保人证件类型,has
#69c719,企业对外担保信息明细,1,币种,has
#69c719,企业对外担保信息明细,1,担保金额,has
#69c719,企业对外担保信息明细,1,担保类型,has
#69c719,企业对外担保信息明细,1,担保形式,has
#69c719,企业对外担保信息明细,1,关联主业务明细信息的ID如果主业务标识有值，则需要生成和主业务明细关联的ID,has
#69c719,企业对外担保信息明细,1,机构号,has
#69c719,企业对外担保信息明细,1,机构名称,has
#69c719,企业对外担保信息明细,1,客户名称,has
#69c719,企业对外担保信息明细,1,企业ID（系统键）,has
#69c719,企业对外担保信息明细,1,数据批次,has
#69c719,企业负债变化历史,1,不良负债金额,has
#69c719,企业负债变化历史,1,负债日期,has
#69c719,企业负债变化历史,1,机构号,has
#69c719,企业负债变化历史,1,机构名称,has
#69c719,企业负债变化历史,1,客户名称,has
#69c719,企业负债变化历史,1,企业ID（系统键）,has
#69c719,企业负债变化历史,1,全部负债金额,has
#69c719,企业负债变化历史,1,数据批次,has
#69c719,企业关联关系库,1,关联关系类型,has
#69c719,企业关联关系库,1,关联客户名称,has
#69c719,企业关联关系库,1,关联客户属性,has
#69c719,企业关联关系库,1,关联客户证件代码,has
#69c719,企业关联关系库,1,关联客户证件类型,has
#69c719,企业关联关系库,1,机构号,has
#69c719,企业关联关系库,1,机构名称,has
#69c719,企业关联关系库,1,客户名称,has
#69c719,企业关联关系库,1,客户属性,has
#69c719,企业关联关系库,1,客户组织机构代码,has
#69c719,企业关联关系库,1,数据批次,has
#69c719,企业行政处罚信息,1,处罚机构,has
#69c719,企业行政处罚信息,1,处罚金额,has
#69c719,企业行政处罚信息,1,处罚决定,has
#69c719,企业行政处罚信息,1,处罚日期,has
#69c719,企业行政处罚信息,1,处罚执行情况,has
#69c719,企业行政处罚信息,1,行政处罚决定书文号,has
#69c719,企业行政处罚信息,1,机构号,has
#69c719,企业行政处罚信息,1,机构名称,has
#69c719,企业行政处罚信息,1,客户名称,has
#69c719,企业行政处罚信息,1,企业ID（系统键）,has
#69c719,企业行政处罚信息,1,数据批次,has
#69c719,企业行政处罚信息,1,违法行为,has
#69c719,企业民事判决记录,1,案号,has
#69c719,企业民事判决记录,1,案由,has
#69c719,企业民事判决记录,1,机构号,has
#69c719,企业民事判决记录,1,机构名称,has
#69c719,企业民事判决记录,1,结案方式,has
#69c719,企业民事判决记录,1,客户名称,has
#69c719,企业民事判决记录,1,立案法院名称,has
#69c719,企业民事判决记录,1,立案日期,has
#69c719,企业民事判决记录,1,判决调解结果,has
#69c719,企业民事判决记录,1,判决调解生效日期,has
#69c719,企业民事判决记录,1,企业ID（系统键）,has
#69c719,企业民事判决记录,1,审判程序,has
#69c719,企业民事判决记录,1,数据批次,has
#69c719,企业民事判决记录,1,诉讼标的,has
#69c719,企业民事判决记录,1,诉讼标的金额,has
#69c719,企业民事判决记录,1,诉讼地位,has
#69c719,企业欠息明细信息,1,币种,has
#69c719,企业欠息明细信息,1,机构号,has
#69c719,企业欠息明细信息,1,机构名称,has
#69c719,企业欠息明细信息,1,客户名称,has
#69c719,企业欠息明细信息,1,企业ID（系统键）,has
#69c719,企业欠息明细信息,1,欠息类型,has
#69c719,企业欠息明细信息,1,欠息余额,has
#69c719,企业欠息明细信息,1,授信机构,has
#69c719,企业欠息明细信息,1,数据批次,has
#69c719,企业欠息明细信息,1,余额改变日期,has
#69c719,企业未结清资产处置、欠息、垫款汇总,1,垫款笔数,has
#69c719,企业未结清资产处置、欠息、垫款汇总,1,垫款余额,has
#69c719,企业未结清资产处置、欠息、垫款汇总,1,机构号,has
#69c719,企业未结清资产处置、欠息、垫款汇总,1,机构名称,has
#69c719,企业未结清资产处置、欠息、垫款汇总,1,客户名称,has
#69c719,企业未结清资产处置、欠息、垫款汇总,1,企业ID（系统键）,has
#69c719,企业未结清资产处置、欠息、垫款汇总,1,欠息笔数,has
#69c719,企业未结清资产处置、欠息、垫款汇总,1,欠息余额,has
#69c719,企业未结清资产处置、欠息、垫款汇总,1,资产处置笔数,has
#69c719,企业未结清资产处置、欠息、垫款汇总,1,资产处置余额,has
#69c719,企业未结清资产处置、欠息、垫款汇总,1,最近一次处置日期,has
#69c719,企业信贷业务信息明细,1,保证金比例,has
#69c719,企业信贷业务信息明细,1,报数机构说明,has
#69c719,企业信贷业务信息明细,1,币种,has
#69c719,企业信贷业务信息明细,1,贷款形式,has
#69c719,企业信贷业务信息明细,1,担保标识,has
#69c719,企业信贷业务信息明细,1,到期日期,has
#69c719,企业信贷业务信息明细,1,垫款标识,has
#69c719,企业信贷业务信息明细,1,发放日期,has
#69c719,企业信贷业务信息明细,1,关联被担保明细信息的ID,has
#69c719,企业信贷业务信息明细,1,关联信贷业务垫款记录的ID,has
#69c719,企业信贷业务信息明细,1,关联信贷业务历史记录的ID,has
#69c719,企业信贷业务信息明细,1,关联信贷业务展期记录的ID,has
#69c719,企业信贷业务信息明细,1,还款方式,has
#69c719,企业信贷业务信息明细,1,机构号,has
#69c719,企业信贷业务信息明细,1,机构名称,has
#69c719,企业信贷业务信息明细,1,结清（注销）日期,has
#69c719,企业信贷业务信息明细,1,结清状态标识,has
#69c719,企业信贷业务信息明细,1,客户名称,has
#69c719,企业信贷业务信息明细,1,历史记录标识,has
#69c719,企业信贷业务信息明细,1,企业ID（系统键）,has
#69c719,企业信贷业务信息明细,1,授信机构,has
#69c719,企业信贷业务信息明细,1,数据批次,has
#69c719,企业信贷业务信息明细,1,五级分类,has
#69c719,企业信贷业务信息明细,1,业务金额,has
#69c719,企业信贷业务信息明细,1,业务类型,has
#69c719,企业信贷业务信息明细,1,业务余额,has
#69c719,企业信贷业务信息明细,1,展期标识,has
#69c719,企业信贷业务信息明细,1,种类,has
#69c719,企业资产处置明细信息,1,币种,has
#69c719,企业资产处置明细信息,1,处置机构,has
#69c719,企业资产处置明细信息,1,处置完成日期,has
#69c719,企业资产处置明细信息,1,机构号,has
#69c719,企业资产处置明细信息,1,机构名称,has
#69c719,企业资产处置明细信息,1,接收日期,has
#69c719,企业资产处置明细信息,1,结清状态标识,has
#69c719,企业资产处置明细信息,1,客户名称,has
#69c719,企业资产处置明细信息,1,企业ID（系统键）,has
#69c719,企业资产处置明细信息,1,数据批次,has
#69c719,企业资产处置明细信息,1,余额,has
#69c719,企业资产处置明细信息,1,原始金额,has
#69c719,企业资产处置明细信息,1,最近一次处置日期,has
#69c719,授信基本信息,1,备案标志,has
#69c719,授信基本信息,1,备案环节,has
#69c719,授信基本信息,1,备用字段1,has
#69c719,授信基本信息,1,备用字段2,has
#69c719,授信基本信息,1,币种,has
#69c719,授信基本信息,1,变更阶段,has
#69c719,授信基本信息,1,变更类型,has
#69c719,授信基本信息,1,处理状态,has
#69c719,授信基本信息,1,创建机构,has
#69c719,授信基本信息,1,创建人,has
#69c719,授信基本信息,1,创建日期,has
#69c719,授信基本信息,1,单品种免担保授信额度加权总和,has
#69c719,授信基本信息,1,单品种授信额度加权总和,has
#69c719,授信基本信息,1,分行路演会议标志,has
#69c719,授信基本信息,1,复评类型,has
#69c719,授信基本信息,1,更新日期,has
#69c719,授信基本信息,1,经办机构,has
#69c719,授信基本信息,1,经办人,has
#69c719,授信基本信息,1,客户内部信用等级,has
#69c719,授信基本信息,1,客户所处行业,has
#69c719,授信基本信息,1,客户信用评级日期,has
#69c719,授信基本信息,1,免担保授信控制边界Mf,has
#69c719,授信基本信息,1,评审计划id,has
#69c719,授信基本信息,1,评审类型,has
#69c719,授信基本信息,1,删除标志,has
#69c719,授信基本信息,1,申请类型,has
#69c719,授信基本信息,1,申请状态,has
#69c719,授信基本信息,1,审查处信息,has
#69c719,授信基本信息,1,审查局信息,has
#69c719,授信基本信息,1,审批机构,has
#69c719,授信基本信息,1,审批结论,has
#69c719,授信基本信息,1,审批人,has
#69c719,授信基本信息,1,审批时间,has
#69c719,授信基本信息,1,生效状态,has
#69c719,授信基本信息,1,是否修改报告标志,has
#69c719,授信基本信息,1,授信额度,has
#69c719,授信基本信息,1,授信基本信息id,has
#69c719,授信基本信息,1,授信状态,has
#69c719,授信基本信息,1,未使用额度,has
#69c719,授信基本信息,1,业务环节,has
#69c719,授信基本信息,1,原授信id,has
#69c719,授信基本信息,1,综合偿债覆盖率,has
#69c719,授信基本信息,1,综合授信编号,has
#69c719,授信基本信息,1,综合授信控制边界M,has
#69c719,授信基本信息,1,总行路演会议标志,has
#69c719,授信基本信息,1,总行审批标志,has
#69c719,提前还款信息,1,变更类型,has
#69c719,提前还款信息,1,处理环节代码,has
#69c719,提前还款信息,1,处理状态代码,has
#69c719,提前还款信息,1,创建时间,has
#69c719,提前还款信息,1,贷款回收计划调整,association
#69c719,提前还款信息,1,贷款项提前还款信息,extend
#69c719,提前还款信息,1,贷款种类,has
#69c719,提前还款信息,1,更新日期,has
#69c719,提前还款信息,1,合同编号,has
#69c719,提前还款信息,1,合同规定应赔偿金额,has
#69c719,提前还款信息,1,合同规定应赔偿金额币别,has
#69c719,提前还款信息,1,合同是否结清,has
#69c719,提前还款信息,1,合同是否约定收取罚金,has
#69c719,提前还款信息,1,合同是否允许提前还款,has
#69c719,提前还款信息,1,借款人id,has
#69c719,提前还款信息,1,经办机构,has
#69c719,提前还款信息,1,经办人编号,has
#69c719,提前还款信息,1,扣款科目,has
#69c719,提前还款信息,1,扣款余额,has
#69c719,提前还款信息,1,扣款帐户,has
#69c719,提前还款信息,1,申请类型代码,has
#69c719,提前还款信息,1,申请日期,has
#69c719,提前还款信息,1,申请状态代码,has
#69c719,提前还款信息,1,审批结论代码,has
#69c719,提前还款信息,1,审批日期,has
#69c719,提前还款信息,1,实际赔偿金额,has
#69c719,提前还款信息,1,实际是否免除罚金,has
#69c719,提前还款信息,1,是否分行权限,has
#69c719,提前还款信息,1,是否符合合同规定,has
#69c719,提前还款信息,1,是否减免赔偿金,has
#69c719,提前还款信息,1,是否同步回收操作,has
#69c719,提前还款信息,1,送审说明,has
#69c719,提前还款信息,1,提前还款币别,has
#69c719,提前还款信息,1,提前还款编号,has
#69c719,提前还款信息,1,提前还款后还款安排,has
#69c719,提前还款信息,1,提前还款金额,has
#69c719,提前还款信息,1,提前还款日期,has
#69c719,提前还款信息,1,提前还款顺序,has
#69c719,提前还款信息,1,提前还款性质,has
#69c719,提前还款信息,1,提前还款原因,has
#69c719,提前还款信息,1,提前还款原因代码,has
#69c719,提前还款信息,1,文件编号,has
#69c719,提前还款信息,1,新增贷款发放方案,has
#69c719,提前还款信息,1,业务类型代码,has
#69c719,提前还款信息,1,原合同还款安排,has
#69c719,提前还款信息,1,账户类型,has
#69c719,外币未核销贷款,2,内外币未核销贷款,isa
#69c719,未核销贷款,2,外币未核销贷款,isa
#69c719,项目所在地,1,创建时间,has
#69c719,项目所在地,1,创建用户,has
#69c719,项目所在地,1,更新时间,has
#69c719,项目所在地,1,更新用户,has
#69c719,项目所在地,1,境内外,has
#69c719,项目所在地,1,删除标志,has
#69c719,项目所在地,1,所属地区省,has
#69c719,项目所在地,1,所属地区市,has
#69c719,项目所在地,1,所属地区县,has
#69c719,项目所在地,1,所在大区,has
#69c719,项目所在地,1,所在大洲,has
#69c719,项目所在地,1,所在国家,has
#69c719,项目所在地,1,位置ID,has
#69c719,项目所在地,1,重点区域,has
#69c719,协议信息,1,本金,has
#69c719,协议信息,1,币种,has
#69c719,协议信息,1,表外受托客户名称,has
#69c719,协议信息,1,财务年度规定,has
#69c719,协议信息,1,处理状态,has
#69c719,协议信息,1,创建来源标识,has
#69c719,协议信息,1,创建时间,has
#69c719,协议信息,1,多数贷款人份额比例,has
#69c719,协议信息,1,更新时间,has
#69c719,协议信息,1,合同经办律师事务所,has
#69c719,协议信息,1,合作方客户id,has
#69c719,协议信息,1,价款,has
#69c719,协议信息,1,经办机构,has
#69c719,协议信息,1,经办人员,has
#69c719,协议信息,1,每次转让支付代理行转让费金额,has
#69c719,协议信息,1,期限,has
#69c719,协议信息,1,期限单位,has
#69c719,协议信息,1,其他说明,has
#69c719,协议信息,1,是否外汇业务,has
#69c719,协议信息,1,是否允许间接分贷,has
#69c719,协议信息,1,是否允许转让承贷额,has
#69c719,协议信息,1,是否允许转让余额,has
#69c719,协议信息,1,送审说明,has
#69c719,协议信息,1,委托资产管理名称,has
#69c719,协议信息,1,协议必填标记,has
#69c719,协议信息,1,协议编号,has
#69c719,协议信息,1,协议类型,has
#69c719,协议信息,1,协议签订时间,has
#69c719,协议信息,1,协议生效日期,has
#69c719,协议信息,1,协议失效日期,has
#69c719,协议信息,1,协议性质,has
#69c719,协议信息,1,协议状态,has
#69c719,协议信息,1,业务环节,has
#69c719,协议信息,1,业务种类,has
#69c719,协议信息,1,约束事项,has
#69c719,协议信息,1,执行ID,has
#69c719,协议信息,1,总额度,has
#69c719,信贷相关信息,3,币种,has
#69c719,信贷相关信息,2,贷款号,has
#69c719,信贷相关信息,2,贷款类型,has
#69c719,信贷相关信息,1,贷款申请日,has
#69c719,信贷相关信息,2,贷款余额元,has
#69c719,信贷相关信息,1,贷款正常利息的成本利率基准,has
#69c719,信贷相关信息,1,贷款正常利息的利率基准,has
#69c719,信贷相关信息,1,贷款正常利息的利率基准的外加利差,has
#69c719,信贷相关信息,1,贷款种类,has
#69c719,信贷相关信息,1,贷款状态,has
#69c719,信贷相关信息,1,贷款资产质量分类信息,extend
#69c719,信贷相关信息,2,贷款子类型,has
#69c719,信贷相关信息,2,贷款子类型说明,has
#69c719,信贷相关信息,4,分行号,has
#69c719,信贷相关信息,3,分行名称,has
#69c719,信贷相关信息,1,股权或参股用途的贷款,isa
#69c719,信贷相关信息,1,合同币种,has
#69c719,信贷相关信息,4,合同编号,has
#69c719,信贷相关信息,2,合同截止日期,has
#69c719,信贷相关信息,2,合同金额,has
#69c719,信贷相关信息,2,合同金额元,has
#69c719,信贷相关信息,1,合同期限,has
#69c719,信贷相关信息,2,合同签订日期,has
#69c719,信贷相关信息,3,合同生效日期,has
#69c719,信贷相关信息,1,合同状态,has
#69c719,信贷相关信息,1,合同状态描述,has
#69c719,信贷相关信息,1,借款人信息,isa
#69c719,信贷相关信息,3,客户编号,has
#69c719,信贷相关信息,2,客户名称,has
#69c719,信贷相关信息,2,累积已发放金额元,has
#69c719,信贷相关信息,1,是否循环贷款,has
#69c719,信贷相关信息,1,未核销贷款,extend
#69c719,信贷相关信息,4,项目编号,has
#69c719,信贷相关信息,4,项目名称,has
#69c719,信用等级代码,1,担保人信息,extend
#69c719,信用等级代码,1,对应的实际信用等级,has
#69c719,信用等级代码,1,信用等级排序,has
#69c719,信用等级代码,1,信用等级下降的客户,extend
#69c719,信用等级排序,1,次新信用等级,play_as
#69c719,信用等级排序,1,最新信用等级,play_as
#69c719,信用等级下降的客户,1,担保人信息,extend
#69c719,信用等级下降的客户,1,较新认定日期,has
#69c719,信用等级下降的客户,1,较新信用等级,has
#69c719,信用等级下降的客户,1,较新信用等级值,has
#69c719,信用等级下降的客户,1,较新有效日期,has
#69c719,信用等级下降的客户,1,信贷系统编号,has
#69c719,信用等级下降的客户,1,最新认定日期,has
#69c719,信用等级下降的客户,1,最新信用等级,has
#69c719,信用等级下降的客户,1,最新信用等级值,has
#69c719,信用等级下降的客户,1,最新有效日期,has
#69c719,信用评级任务,1,担保人信息,extend
#69c719,信用评级任务,1,等级认定日期,has
#69c719,信用评级任务,1,等级有效日期,has
#69c719,信用评级任务,1,信贷系统编号,has
#69c719,信用评级任务,1,信用等级代码,extend
#69c719,信用评级任务,1,信用等级下降的客户,extend
#69c719,信用评级任务,1,信用最终等级,has
#69c719,质量分类结果相关信息,1,本次分类理由,has
#69c719,质量分类结果相关信息,1,标志是否是重点项目,has
#69c719,质量分类结果相关信息,1,标志项目是否新增,has
#69c719,质量分类结果相关信息,1,不良贷款化解手段,has
#69c719,质量分类结果相关信息,1,初次计算,has
#69c719,质量分类结果相关信息,1,次年底余额预测,has
#69c719,质量分类结果相关信息,1,次年末预测结果,has
#69c719,质量分类结果相关信息,1,贷款存在的主要缺陷和风险因素,has
#69c719,质量分类结果相关信息,1,贷款的担保分析,has
#69c719,质量分类结果相关信息,1,贷款类别变动原因宏观调控原因,has
#69c719,质量分类结果相关信息,1,贷款类别变动原因项目自身原因,has
#69c719,质量分类结果相关信息,1,担保人及担保方式,has
#69c719,质量分类结果相关信息,1,当年底余额预测,has
#69c719,质量分类结果相关信息,1,地区处打分结果,has
#69c719,质量分类结果相关信息,1,地区处分类,has
#69c719,质量分类结果相关信息,1,地区处分类时间,has
#69c719,质量分类结果相关信息,1,地区处退回意见,has
#69c719,质量分类结果相关信息,1,二次调整外汇,has
#69c719,质量分类结果相关信息,1,分行分类级别,has
#69c719,质量分类结果相关信息,1,分行分类类别,has
#69c719,质量分类结果相关信息,1,分行分类类别值,has
#69c719,质量分类结果相关信息,1,分行分类时间,has
#69c719,质量分类结果相关信息,1,分行分类调整,has
#69c719,质量分类结果相关信息,1,分行建议分类结果,has
#69c719,质量分类结果相关信息,1,分行建议原因,has
#69c719,质量分类结果相关信息,1,分行上报结果,has
#69c719,质量分类结果相关信息,1,分类时点,has
#69c719,质量分类结果相关信息,1,分类项目ID,has
#69c719,质量分类结果相关信息,1,分类状态,has
#69c719,质量分类结果相关信息,1,分类状态名称,has
#69c719,质量分类结果相关信息,1,风险防范方案1,has
#69c719,质量分类结果相关信息,1,风险防范方案2,has
#69c719,质量分类结果相关信息,1,风险防范方案3,has
#69c719,质量分类结果相关信息,1,风险信号灯,has
#69c719,质量分类结果相关信息,1,更新时间,has
#69c719,质量分类结果相关信息,1,还款记录,has
#69c719,质量分类结果相关信息,1,还款能力分析－财务因素,has
#69c719,质量分类结果相关信息,1,还款能力分析非财务因素,has
#69c719,质量分类结果相关信息,1,还款意愿,has
#69c719,质量分类结果相关信息,1,后年底余额预测,has
#69c719,质量分类结果相关信息,1,后年末预测结果,has
#69c719,质量分类结果相关信息,1,汇总部门分类,has
#69c719,质量分类结果相关信息,1,建设内容,has
#69c719,质量分类结果相关信息,1,今年末预测结果,has
#69c719,质量分类结果相关信息,1,考核分数,has
#69c719,质量分类结果相关信息,1,考核分数录入时间,has
#69c719,质量分类结果相关信息,1,客户处长打分结果,has
#69c719,质量分类结果相关信息,1,客户经理打分结果,has
#69c719,质量分类结果相关信息,1,评审报告预期分类,has
#69c719,质量分类结果相关信息,1,认定时间,has
#69c719,质量分类结果相关信息,1,上一季度预测本季度的分类结果,has
#69c719,质量分类结果相关信息,1,是否被关注,has
#69c719,质量分类结果相关信息,1,是否贷后协同,has
#69c719,质量分类结果相关信息,1,未来两个季度预测结果,has
#69c719,质量分类结果相关信息,1,未来三个季度预测结果,has
#69c719,质量分类结果相关信息,1,未来四个季度预测结果,has
#69c719,质量分类结果相关信息,1,未来一个季度预测结果,has
#69c719,质量分类结果相关信息,1,系统规则结果,has
#69c719,质量分类结果相关信息,1,项目的个性风险因素,has
#69c719,质量分类结果相关信息,1,项目基本情况,has
#69c719,质量分类结果相关信息,1,预案日常状态,has
#69c719,质量分类结果相关信息,1,预案项目的会签状态,has
#69c719,质量分类结果相关信息,1,预测提交状态,has
#69c719,质量分类结果相关信息,1,预测提交状态名称,has
#69c719,质量分类结果相关信息,1,质量处调整,has
#69c719,质量分类结果相关信息,1,质量处调整时间,has
#69c719,质量分类结果相关信息,1,重大、特殊事项,has
#69c719,质量分类结果相关信息,1,重组贷款标识,has
#69c719,质量分类结果相关信息,1,主要风险因素判断,has
#69c719,质量分类结果相关信息,1,总行分类级别,has
#69c719,质量分类结果相关信息,1,总行分类类别,has
#69c719,质量分类结果相关信息,1,总行分类类别值,has
#69c719,质量分类结果相关信息,1,总行建议结果,has
#69c719,质量分类结果相关信息,1,总行建议原因,has
#69c719,质量分类结果相关信息,1,总行质量分类管理处长调整时间,has
#69c719,质量分类结果相关信息,1,总行质量分类管理处长调整值,has
#69c719,质量分类结果相关信息,1,总行质量分类管理员调整时间,has
#69c719,质量分类结果相关信息,1,总行质量分类管理员调整值,has
#69c719,质量分类结果相关信息,1,最新分类时点,has
#69c719,质量分类结果相关信息,1,最新进展,has
#69c719,质量分类相关信息,1,贷款号,has
#69c719,质量分类相关信息,1,分行分类级别,has
#69c719,质量分类相关信息,1,分行分类类别,has
#69c719,质量分类相关信息,1,分类时点,has
#69c719,质量分类相关信息,1,分类项目ID,has
#69c719,质量分类相关信息,1,信贷相关信息,extend
#69c719,质量分类相关信息,1,总行分类级别,has
#69c719,质量分类相关信息,1,总行分类类别,has
#69c719,中文全称,1,客户名称,play_as
#69c719,资产质量分类项目分类信息,1,贷款发放后不久转不良,extend
#69c719,资产质量分类项目分类信息,1,贷款资产质量分类信息,extend
#69c719,资产质量分类项目分类信息,1,分类时点,has
#69c719,资产质量分类项目分类信息,1,汇总部门分类,has
#69c719,资产质量分类项目分类信息,1,总行认定结果,has
#69c719,资产质量类别,1,字典名称,has
#69c719,资金支付,1,报表统计标识,has
#69c719,资金支付,1,备注,has
#69c719,资金支付,1,币种,has
#69c719,资金支付,1,操作单编号,has
#69c719,资金支付,1,操作单日期,has
#69c719,资金支付,1,处理状态代码,has
#69c719,资金支付,1,创建日期,has
#69c719,资金支付,1,贷款种类,has
#69c719,资金支付,1,电汇凭证号,has
#69c719,资金支付,1,对账成功标志,has
#69c719,资金支付,1,发送核心标志,has
#69c719,资金支付,1,发送网银反馈消息状态,has
#69c719,资金支付,1,付款单位名称,has
#69c719,资金支付,1,付款单位帐号,has
#69c719,资金支付,1,付款方式,has
#69c719,资金支付,1,付款用途,has
#69c719,资金支付,1,更新日期,has
#69c719,资金支付,1,合同编号,has
#69c719,资金支付,1,核心处理状态,has
#69c719,资金支付,1,核心费用,has
#69c719,资金支付,1,核心支付时间,has
#69c719,资金支付,1,核心资金支付编号,has
#69c719,资金支付,1,汇出地址,has
#69c719,资金支付,1,汇出行名称,has
#69c719,资金支付,1,汇率,has
#69c719,资金支付,1,汇入地址,has
#69c719,资金支付,1,汇入行行号,has
#69c719,资金支付,1,交易来源,has
#69c719,资金支付,1,交易凭证日期,has
#69c719,资金支付,1,借款人id,has
#69c719,资金支付,1,经办机构,has
#69c719,资金支付,1,经办人编号,has
#69c719,资金支付,1,境外帐号行费用承担,has
#69c719,资金支付,1,境外账户行,has
#69c719,资金支付,1,客户基本信息,association
#69c719,资金支付,1,来源标示1资金支付（按科目）菜单,has
#69c719,资金支付,1,批复日期,has
#69c719,资金支付,1,凭证打印日期,has
#69c719,资金支付,1,其他所需说明情况,has
#69c719,资金支付,1,其他支付方式,has
#69c719,资金支付,1,企业申请日期,has
#69c719,资金支付,1,删除标志,has
#69c719,资金支付,1,申请类型代码,has
#69c719,资金支付,1,申请日期,has
#69c719,资金支付,1,申请支付金额,has
#69c719,资金支付,1,申请状态代码,has
#69c719,资金支付,1,审批结论代码,has
#69c719,资金支付,1,是否付款到借款人账户,has
#69c719,资金支付,1,是否借款人贷转存账户,has
#69c719,资金支付,1,收款人收益人开户行,has
#69c719,资金支付,1,收款人收益人名称,has
#69c719,资金支付,1,收款人收益人帐号,has
#69c719,资金支付,1,送审说明,has
#69c719,资金支付,1,网银支付序号,has
#69c719,资金支付,1,协议信息,association
#69c719,资金支付,1,业务处理环节,has
#69c719,资金支付,1,业务类型代码,has
#69c719,资金支付,1,账户余额,has
#69c719,资金支付,1,支付编号,has
#69c719,资金支付,1,支付金额,has
#69c719,资金支付,1,支付科目,has
#69c719,资金支付,1,支付类型,has
#69c719,资金支付,1,支付时间,has
#69c719,资金支付,1,支付形式,has
#69c719,资金支付,1,中间行,has
#69c719,资金支付,1,中间行行号,has
#69c719,资金支付,1,资金支付id,has
#69c719,字典名称,1,总行认定级别描述,play_as
#69c719,总行认定结果,1,总行认定级别,play_as
#69c719,最新信用等级的客户,1,次新信用评级明细,extend
#69c719,最新信用等级的客户,1,等级有效日期,has
#69c719,最新信用等级的客户,1,对应的实际信用等级,has
#69c719,最新信用等级的客户,1,信贷系统编号,has
#69c719,最新信用等级的客户,1,信用等级排序,has
#69c719,最新信用等级的客户,1,最新认定日期,has
#69c719,最新信用评级,2,等级认定日期,has
#69c719,最新信用评级,2,等级有效日期,has
#69c719,最新信用评级,2,对应的实际信用等级,has
#69c719,最新信用评级,1,非最新信用等级的客户,isa
#69c719,最新信用评级,2,信贷系统编号,has
#69c719,最新信用评级,2,信用等级排序,has
#69c719,最新信用评级,2,信用最终等级,has
#69c719,最新信用评级,2,最新认定日期,has
#69c719,最新信用评级,1,最新信用等级的客户,isa
